{"cameraMode":{"drawMode":0,"name":"Shaded","section":"Shading Mode"},"sceneLighting":true,"audioPlay":false,"sceneViewState":{"m_AlwaysRefresh":false,"showFog":true,"showSkybox":true,"showFlares":true,"showImageEffects":true,"showParticleSystems":true,"showVisualEffectGraphs":true,"m_FxEnabled":true},"in2DMode":false,"pivot":{"x":25.79707908630371,"y":6.2187581062316898,"z":11.696199417114258},"rotation":{"x":-0.07174969464540482,"y":0.0011652890825644136,"z":-0.00005262309787212871,"w":-0.9974491000175476},"size":12.585790634155274,"orthographic":false}